<?xml version="1.0" encoding="UTF-8"?>
<project-private xmlns="http://www.netbeans.org/ns/project-private/1">
    <editor-bookmarks xmlns="http://www.netbeans.org/ns/editor-bookmarks/2" lastBookmarkId="0"/>
    <open-files xmlns="http://www.netbeans.org/ns/projectui-open-files/2">
        <group>
            <file>file:/E:/Data/VietTech/Blog/2015/Su%20dung%20mo%20hinh%20MVC%20trong%20Java/ATM-MVC/src/java/ATM/loginServlet1.java</file>
            <file>file:/E:/Data/VietTech/Blog/2015/Su%20dung%20mo%20hinh%20MVC%20trong%20Java/ATM-MVC/src/java/ATM/LoginServlet.java</file>
        </group>
    </open-files>
</project-private>
